<manifest><control namespace="PocketInvestnamespace" constructor="DataSetGrid" version="0.0.4" display-name-key="DatasetGridcomponent" description-key="DatasetGridcomponent description" control-type="standard" api-version="1.3.11"><data-set name="dataSetGrid" display-name-key="DataSetGridProperty_Display_Key" /><resources><code path="bundle.js" order="1" /><css path="css/DataSetGrid.css" order="2" /><resx path="strings/DataSetGrid.1033.resx" version="1.0.0" /></resources><built-by name="pac" version="1.30.2" /></control></manifest>